<?xml version="1.0" encoding="UTF-8"?>
<project-private xmlns="http://www.netbeans.org/ns/project-private/1">
    <editor-bookmarks xmlns="http://www.netbeans.org/ns/editor-bookmarks/2" lastBookmarkId="0"/>
    <open-files xmlns="http://www.netbeans.org/ns/projectui-open-files/2">
        <group>
            <file>file:/C:/Users/hassa/Documents/NetBeansProjects/ECafe/src/ecafe/Model/FoodItem.java</file>
            <file>file:/C:/Users/hassa/Documents/NetBeansProjects/ECafe/src/ecafe/Controller/CreateMenu.java</file>
            <file>file:/C:/Users/hassa/Documents/NetBeansProjects/ECafe/src/ecafe/Controller/SaveOrder.java</file>
            <file>file:/C:/Users/hassa/Documents/NetBeansProjects/ECafe/src/ecafe/View/OrderView.java</file>
            <file>file:/C:/Users/hassa/Documents/NetBeansProjects/ECafe/src/ecafe/Controller/CreateOrder.java</file>
        </group>
    </open-files>
</project-private>
